00-0000,Summary,"Total, all occupations"
11-0000,Summary,Management occupations
11-1000,Summary,Top executives
11-1011,Line item,Chief executives
11-1021,Line item,General and operations managers
11-1031,Line item,Legislators
11-2000,Summary,"Advertising, marketing, promotions, public relations, and sales managers"
11-2011,Line item,Advertising and promotions managers
11-2020,Summary,Marketing and sales managers
11-2021,Line item,Marketing managers
11-2022,Line item,Sales managers
11-2031,Line item,Public relations and fundraising managers
11-3000,Summary,Operations specialties managers
11-3011,Line item,Administrative services managers
11-3021,Line item,Computer and information systems managers
11-3031,Line item,Financial managers
11-3051,Line item,Industrial production managers
11-3061,Line item,Purchasing managers
11-3071,Line item,"Transportation, storage, and distribution managers"
11-3111,Line item,Compensation and benefits managers
11-3121,Line item,Human resources managers
11-3131,Line item,Training and development managers
11-9000,Summary,Other management occupations
11-9013,Line item,"Farmers, ranchers, and other agricultural managers"
11-9021,Line item,Construction managers
11-9030,Summary,Education administrators
11-9031,Line item,"Education administrators, preschool and childcare center/program"
11-9032,Line item,"Education administrators, elementary and secondary school"
11-9033,Line item,"Education administrators, postsecondary"
11-9039,Line item,"Education administrators, all other"
11-9041,Line item,Architectural and engineering managers
11-9051,Line item,Food service managers
11-9061,Line item,Funeral service managers
11-9071,Line item,Gaming managers
11-9081,Line item,Lodging managers
11-9111,Line item,Medical and health services managers
11-9121,Line item,Natural sciences managers
11-9131,Line item,Postmasters and mail superintendents
11-9141,Line item,"Property, real estate, and community association managers"
11-9151,Line item,Social and community service managers
11-9161,Line item,Emergency management directors
11-9199,Line item,"Managers, all other"
13-0000,Summary,Business and financial operations occupations
13-1000,Summary,Business operations specialists
13-1011,Line item,"Agents and business managers of artists, performers, and athletes"
13-1020,Line item,Buyers and purchasing agents
13-1030,Summary,"Claims adjusters, appraisers, examiners, and investigators"
13-1031,Line item,"Claims adjusters, examiners, and investigators"
13-1032,Line item,"Insurance appraisers, auto damage"
13-1041,Line item,Compliance officers
13-1051,Line item,Cost estimators
13-1070,Summary,Human resources workers
13-1071,Line item,Human resources specialists
13-1074,Line item,Farm labor contractors
13-1075,Line item,Labor relations specialists
13-1081,Line item,Logisticians
13-1111,Line item,Management analysts
13-1121,Line item,"Meeting, convention, and event planners"
13-1131,Line item,Fundraisers
13-1141,Line item,"Compensation, benefits, and job analysis specialists"
13-1151,Line item,Training and development specialists
13-1161,Line item,Market research analysts and marketing specialists
13-1199,Line item,"Business operations specialists, all other"
13-2000,Summary,Financial specialists
13-2011,Line item,Accountants and auditors
13-2021,Line item,Appraisers and assessors of real estate
13-2031,Line item,Budget analysts
13-2041,Line item,Credit analysts
13-2050,Summary,Financial analysts and advisors
13-2051,Line item,Financial analysts
13-2052,Line item,Personal financial advisors
13-2053,Line item,Insurance underwriters
13-2061,Line item,Financial examiners
13-2070,Summary,Credit counselors and loan officers
13-2071,Line item,Credit counselors
13-2072,Line item,Loan officers
13-2080,Summary,"Tax examiners, collectors and preparers, and revenue agents"
13-2081,Line item,"Tax examiners and collectors, and revenue agents"
13-2082,Line item,Tax preparers
13-2099,Line item,"Financial specialists, all other"
15-0000,Summary,Computer and mathematical occupations
15-1100,Summary,Computer occupations
15-1111,Line item,Computer and information research scientists
15-1120,Summary,Computer and information analysts
15-1121,Line item,Computer systems analysts
15-1122,Line item,Information security analysts
15-1130,Summary,Software developers and programmers
15-1131,Line item,Computer programmers
15-1132,Line item,"Software developers, applications"
15-1133,Line item,"Software developers, systems software"
15-1134,Line item,Web developers
15-1140,Summary,Database and systems administrators and network architects
15-1141,Line item,Database administrators
15-1142,Line item,Network and computer systems administrators
15-1143,Line item,Computer network architects
15-1150,Summary,Computer support specialists
15-1151,Line item,Computer user support specialists
15-1152,Line item,Computer network support specialists
15-1199,Line item,"Computer occupations, all other"
15-2000,Summary,Mathematical science occupations
15-2011,Line item,Actuaries
15-2021,Line item,Mathematicians
15-2031,Line item,Operations research analysts
15-2041,Line item,Statisticians
15-2090,Line item,Miscellaneous mathematical science occupations
17-0000,Summary,Architecture and engineering occupations
17-1000,Summary,"Architects, surveyors, and cartographers"
17-1010,Summary,"Architects, except naval"
17-1011,Line item,"Architects, except landscape and naval"
17-1012,Line item,Landscape architects
17-1020,Summary,"Surveyors, cartographers, and photogrammetrists"
17-1021,Line item,Cartographers and photogrammetrists
17-1022,Line item,Surveyors
17-2000,Summary,Engineers
17-2011,Line item,Aerospace engineers
17-2021,Line item,Agricultural engineers
17-2031,Line item,Biomedical engineers
17-2041,Line item,Chemical engineers
17-2051,Line item,Civil engineers
17-2061,Line item,Computer hardware engineers
17-2070,Summary,Electrical and electronics engineers
17-2071,Line item,Electrical engineers
17-2072,Line item,"Electronics engineers, except computer"
17-2081,Line item,Environmental engineers
17-2110,Summary,"Industrial engineers, including health and safety"
17-2111,Line item,"Health and safety engineers, except mining safety engineers and inspectors"
17-2112,Line item,Industrial engineers
17-2121,Line item,Marine engineers and naval architects
17-2131,Line item,Materials engineers
17-2141,Line item,Mechanical engineers
17-2151,Line item,"Mining and geological engineers, including mining safety engineers"
17-2161,Line item,Nuclear engineers
17-2171,Line item,Petroleum engineers
17-2199,Line item,"Engineers, all other"
17-3000,Summary,"Drafters, engineering technicians, and mapping technicians"
17-3010,Summary,Drafters
17-3011,Line item,Architectural and civil drafters
17-3012,Line item,Electrical and electronics drafters
17-3013,Line item,Mechanical drafters
17-3019,Line item,"Drafters, all other"
17-3020,Summary,"Engineering technicians, except drafters"
17-3021,Line item,Aerospace engineering and operations technicians
17-3022,Line item,Civil engineering technicians
17-3023,Line item,Electrical and electronics engineering technicians
17-3024,Line item,Electro-mechanical technicians
17-3025,Line item,Environmental engineering technicians
17-3026,Line item,Industrial engineering technicians
17-3027,Line item,Mechanical engineering technicians
17-3029,Line item,"Engineering technicians, except drafters, all other"
17-3031,Line item,Surveying and mapping technicians
19-0000,Summary,"Life, physical, and social science occupations"
19-1000,Summary,Life scientists
19-1010,Summary,Agricultural and food scientists
19-1011,Line item,Animal scientists
19-1012,Line item,Food scientists and technologists
19-1013,Line item,Soil and plant scientists
19-1020,Summary,Biological scientists
19-1021,Line item,Biochemists and biophysicists
19-1022,Line item,Microbiologists
19-1023,Line item,Zoologists and wildlife biologists
19-1029,Line item,"Biological scientists, all other"
19-1030,Summary,Conservation scientists and foresters
19-1031,Line item,Conservation scientists
19-1032,Line item,Foresters
19-1040,Summary,Medical scientists
19-1041,Line item,Epidemiologists
19-1042,Line item,"Medical scientists, except epidemiologists"
19-1099,Line item,"Life scientists, all other"
19-2000,Summary,Physical scientists
19-2010,Summary,Astronomers and physicists
19-2011,Line item,Astronomers
19-2012,Line item,Physicists
19-2021,Line item,Atmospheric and space scientists
19-2030,Summary,Chemists and materials scientists
19-2031,Line item,Chemists
19-2032,Line item,Materials scientists
19-2040,Summary,Environmental scientists and geoscientists
19-2041,Line item,"Environmental scientists and specialists, including health"
19-2042,Line item,"Geoscientists, except hydrologists and geographers"
19-2043,Line item,Hydrologists
19-2099,Line item,"Physical scientists, all other"
19-3000,Summary,Social scientists and related workers
19-3011,Line item,Economists
19-3022,Line item,Survey researchers
19-3030,Summary,Psychologists
19-3031,Line item,"Clinical, counseling, and school psychologists"
19-3032,Line item,Industrial-organizational psychologists
19-3039,Line item,"Psychologists, all other"
19-3041,Line item,Sociologists
19-3051,Line item,Urban and regional planners
19-3090,Summary,Miscellaneous social scientists and related workers
19-3091,Line item,Anthropologists and archeologists
19-3092,Line item,Geographers
19-3093,Line item,Historians
19-3094,Line item,Political scientists
19-3099,Line item,"Social scientists and related workers, all other"
19-4000,Summary,"Life, physical, and social science technicians"
19-4011,Line item,Agricultural and food science technicians
19-4021,Line item,Biological technicians
19-4031,Line item,Chemical technicians
19-4041,Line item,Geological and petroleum technicians
19-4051,Line item,Nuclear technicians
19-4061,Line item,Social science research assistants
19-4090,Summary,"Miscellaneous life, physical, and social science technicians"
19-4091,Line item,"Environmental science and protection technicians, including health"
19-4092,Line item,Forensic science technicians
19-4093,Line item,Forest and conservation technicians
19-4099,Line item,"Life, physical, and social science technicians, all other"
21-0000,Summary,Community and social service occupations
21-1000,Summary,"Counselors, social workers, and other community and social service specialists"
21-1010,Summary,Counselors
21-1012,Line item,"Educational, guidance, school, and vocational counselors"
21-1013,Line item,Marriage and family therapists
21-1015,Line item,Rehabilitation counselors
21-1018,Line item,"Substance abuse, behavioral disorder, and mental health counselors"
21-1019,Line item,"Counselors, all other"
21-1020,Summary,Social workers
21-1021,Line item,"Child, family, and school social workers"
21-1022,Line item,Healthcare social workers
21-1023,Line item,Mental health and substance abuse social workers
21-1029,Line item,"Social workers, all other"
21-1090,Summary,Miscellaneous community and social service specialists
21-1091,Line item,Health educators
21-1092,Line item,Probation officers and correctional treatment specialists
21-1093,Line item,Social and human service assistants
21-1094,Line item,Community health workers
21-1099,Line item,"Community and social service specialists, all other"
21-2000,Summary,Religious workers
21-2011,Line item,Clergy
21-2021,Line item,"Directors, religious activities and education"
21-2099,Line item,"Religious workers, all other"
23-0000,Summary,Legal occupations
23-1000,Summary,"Lawyers, judges, and related workers"
23-1010,Summary,Lawyers and judicial law clerks
23-1011,Line item,Lawyers
23-1012,Line item,Judicial law clerks
23-1020,Summary,"Judges, magistrates, and other judicial workers"
23-1021,Line item,"Administrative law judges, adjudicators, and hearing officers"
23-1022,Line item,"Arbitrators, mediators, and conciliators"
23-1023,Line item,"Judges, magistrate judges, and magistrates"
23-2000,Summary,Legal support workers
23-2011,Line item,Paralegals and legal assistants
23-2090,Summary,Miscellaneous legal support workers
23-2091,Line item,Court reporters
23-2093,Line item,"Title examiners, abstractors, and searchers"
23-2099,Line item,"Legal support workers, all other"
25-0000,Summary,"Education, training, and library occupations"
25-1000,Summary,Postsecondary teachers
25-1011,Line item,"Business teachers, postsecondary"
25-1020,Summary,"Math and computer teachers, postsecondary"
25-1021,Line item,"Computer science teachers, postsecondary"
25-1022,Line item,"Mathematical science teachers, postsecondary"
25-1030,Summary,"Engineering and architecture teachers, postsecondary"
25-1031,Line item,"Architecture teachers, postsecondary"
25-1032,Line item,"Engineering teachers, postsecondary"
25-1040,Summary,"Life sciences teachers, postsecondary"
25-1041,Line item,"Agricultural sciences teachers, postsecondary"
25-1042,Line item,"Biological science teachers, postsecondary"
25-1043,Line item,"Forestry and conservation science teachers, postsecondary"
25-1050,Summary,"Physical sciences teachers, postsecondary"
25-1051,Line item,"Atmospheric, earth, marine, and space sciences teachers, postsecondary"
25-1052,Line item,"Chemistry teachers, postsecondary"
25-1053,Line item,"Environmental science teachers, postsecondary"
25-1054,Line item,"Physics teachers, postsecondary"
25-1060,Summary,"Social sciences teachers, postsecondary"
25-1061,Line item,"Anthropology and archeology teachers, postsecondary"
25-1062,Line item,"Area, ethnic, and cultural studies teachers, postsecondary"
25-1063,Line item,"Economics teachers, postsecondary"
25-1064,Line item,"Geography teachers, postsecondary"
25-1065,Line item,"Political science teachers, postsecondary"
25-1066,Line item,"Psychology teachers, postsecondary"
25-1067,Line item,"Sociology teachers, postsecondary"
25-1069,Line item,"Social sciences teachers, postsecondary, all other"
25-1070,Summary,"Health teachers, postsecondary"
25-1071,Line item,"Health specialties teachers, postsecondary"
25-1072,Line item,"Nursing instructors and teachers, postsecondary"
25-1080,Summary,"Education and library science teachers, postsecondary"
25-1081,Line item,"Education teachers, postsecondary"
25-1082,Line item,"Library science teachers, postsecondary"
25-1110,Summary,"Law, criminal justice, and social work teachers, postsecondary"
25-1111,Line item,"Criminal justice and law enforcement teachers, postsecondary"
25-1112,Line item,"Law teachers, postsecondary"
25-1113,Line item,"Social work teachers, postsecondary"
25-1120,Summary,"Arts, communications, and humanities teachers, postsecondary"
25-1121,Line item,"Art, drama, and music teachers, postsecondary"
25-1122,Line item,"Communications teachers, postsecondary"
25-1123,Line item,"English language and literature teachers, postsecondary"
25-1124,Line item,"Foreign language and literature teachers, postsecondary"
25-1125,Line item,"History teachers, postsecondary"
25-1126,Line item,"Philosophy and religion teachers, postsecondary"
25-1190,Summary,Miscellaneous postsecondary teachers
25-1191,Line item,Graduate teaching assistants
25-1192,Line item,"Home economics teachers, postsecondary"
25-1193,Line item,"Recreation and fitness studies teachers, postsecondary"
25-1194,Line item,"Vocational education teachers, postsecondary"
25-1199,Line item,"Postsecondary teachers, all other"
25-2000,Summary,"Preschool, primary, secondary, and special education school teachers"
25-2010,Summary,Preschool and kindergarten teachers
25-2011,Line item,"Preschool teachers, except special education"
25-2012,Line item,"Kindergarten teachers, except special education"
25-2020,Summary,Elementary and middle school teachers
25-2021,Line item,"Elementary school teachers, except special education"
25-2022,Line item,"Middle school teachers, except special and career/technical education"
25-2023,Line item,"Career/technical education teachers, middle school"
25-2030,Summary,Secondary school teachers
25-2031,Line item,"Secondary school teachers, except special and career/technical education"
25-2032,Line item,"Career/technical education teachers, secondary school"
25-2050,Summary,Special education teachers
25-2051,Line item,"Special education teachers, preschool"
25-2052,Line item,"Special education teachers, kindergarten and elementary school"
25-2053,Line item,"Special education teachers, middle school"
25-2054,Line item,"Special education teachers, secondary school"
25-2059,Line item,"Special education teachers, all other"
25-3000,Summary,Other teachers and instructors
25-3011,Line item,Adult basic and secondary education and literacy teachers and instructors
25-3021,Line item,Self-enrichment education teachers
25-3090,Summary,Miscellaneous Teachers and Instructors
25-3097,Line item,"Teachers and Instructors, All Other, Except Substitute Teachers"
25-3098,Line item,Substitute Teachers
25-4000,Summary,"Librarians, curators, and archivists"
25-4010,Summary,"Archivists, curators, and museum technicians"
25-4011,Line item,Archivists
25-4012,Line item,Curators
25-4013,Line item,Museum technicians and conservators
25-4021,Line item,Librarians
25-4031,Line item,Library technicians
25-9000,Summary,"Other education, training, and library occupations"
25-9011,Line item,Audio-visual and multimedia collections specialists
25-9021,Line item,Farm and home management advisors
25-9031,Line item,Instructional coordinators
25-9041,Line item,Teacher assistants
25-9099,Line item,"Education, training, and library workers, all other"
27-0000,Summary,"Arts, design, entertainment, sports, and media occupations"
27-1000,Summary,Art and design workers
27-1010,Summary,Artists and related workers
27-1011,Line item,Art directors
27-1012,Line item,Craft artists
27-1013,Line item,"Fine artists, including painters, sculptors, and illustrators"
27-1014,Line item,Multimedia artists and animators
27-1019,Line item,"Artists and related workers, all other"
27-1020,Summary,Designers
27-1021,Line item,Commercial and industrial designers
27-1022,Line item,Fashion designers
27-1023,Line item,Floral designers
27-1024,Line item,Graphic designers
27-1025,Line item,Interior designers
27-1026,Line item,Merchandise displayers and window trimmers
27-1027,Line item,Set and exhibit designers
27-1029,Line item,"Designers, all other"
27-2000,Summary,"Entertainers and performers, sports and related workers"
27-2010,Summary,"Actors, producers, and directors"
27-2011,Line item,Actors
27-2012,Line item,Producers and directors
27-2020,Summary,"Athletes, coaches, umpires, and related workers"
27-2021,Line item,Athletes and sports competitors
27-2022,Line item,Coaches and scouts
27-2023,Line item,"Umpires, referees, and other sports officials"
27-2030,Summary,Dancers and choreographers
27-2031,Line item,Dancers
27-2032,Line item,Choreographers
27-2040,Summary,"Musicians, singers, and related workers"
27-2041,Line item,Music directors and composers
27-2042,Line item,Musicians and singers
27-2099,Line item,"Entertainers and performers, sports and related workers, all other"
27-3000,Summary,Media and communication workers
27-3010,Summary,Announcers
27-3011,Line item,Radio and television announcers
27-3012,Line item,Public address system and other announcers
27-3020,Summary,"News analysts, reporters and correspondents"
27-3021,Line item,Broadcast news analysts
27-3022,Line item,Reporters and correspondents
27-3031,Line item,Public relations specialists
27-3040,Summary,Writers and editors
27-3041,Line item,Editors
27-3042,Line item,Technical writers
27-3043,Line item,Writers and authors
27-3090,Summary,Miscellaneous media and communication workers
27-3091,Line item,Interpreters and translators
27-3099,Line item,"Media and communication workers, all other"
27-4000,Summary,Media and communication equipment workers
27-4010,Summary,Broadcast and sound engineering technicians and radio operators
27-4011,Line item,Audio and video equipment technicians
27-4012,Line item,Broadcast technicians
27-4013,Line item,Radio operators
27-4014,Line item,Sound engineering technicians
27-4021,Line item,Photographers
27-4030,Summary,"Television, video, and motion picture camera operators and editors"
27-4031,Line item,"Camera operators, television, video, and motion picture"
27-4032,Line item,Film and video editors
27-4099,Line item,"Media and communication equipment workers, all other"
29-0000,Summary,Healthcare practitioners and technical occupations
29-1000,Summary,Health diagnosing and treating practitioners
29-1011,Line item,Chiropractors
29-1020,Summary,Dentists
29-1021,Line item,"Dentists, general"
29-1022,Line item,Oral and maxillofacial surgeons
29-1023,Line item,Orthodontists
29-1024,Line item,Prosthodontists
29-1029,Line item,"Dentists, all other specialists"
29-1031,Line item,Dietitians and nutritionists
29-1041,Line item,Optometrists
29-1051,Line item,Pharmacists
29-1060,Summary,Physicians and surgeons
29-1061,Line item,Anesthesiologists
29-1062,Line item,Family and general practitioners
29-1063,Line item,"Internists, general"
29-1064,Line item,Obstetricians and gynecologists
29-1065,Line item,"Pediatricians, general"
29-1066,Line item,Psychiatrists
29-1067,Line item,Surgeons
29-1069,Line item,"Physicians and surgeons, all other"
29-1071,Line item,Physician assistants
29-1081,Line item,Podiatrists
29-1120,Summary,Therapists
29-1122,Line item,Occupational therapists
29-1123,Line item,Physical therapists
29-1124,Line item,Radiation therapists
29-1125,Line item,Recreational therapists
29-1126,Line item,Respiratory therapists
29-1127,Line item,Speech-language pathologists
29-1128,Line item,Exercise physiologists
29-1129,Line item,"Therapists, all other"
29-1131,Line item,Veterinarians
29-1141,Line item,Registered nurses
29-1151,Line item,Nurse anesthetists
29-1161,Line item,Nurse midwives
29-1171,Line item,Nurse practitioners
29-1181,Line item,Audiologists
29-1199,Line item,"Health diagnosing and treating practitioners, all other"
29-2000,Summary,Health technologists and technicians
29-2010,Line item,Clinical laboratory technologists and technicians
29-2021,Line item,Dental hygienists
29-2030,Summary,Diagnostic related technologists and technicians
29-2031,Line item,Cardiovascular technologists and technicians
29-2032,Line item,Diagnostic medical sonographers
29-2033,Line item,Nuclear medicine technologists
29-2034,Line item,Radiologic technologists
29-2035,Line item,Magnetic resonance imaging technologists
29-2041,Line item,Emergency medical technicians and paramedics
29-2050,Summary,Health practitioner support technologists and technicians
29-2051,Line item,Dietetic technicians
29-2052,Line item,Pharmacy technicians
29-2053,Line item,Psychiatric technicians
29-2054,Line item,Respiratory therapy technicians
29-2055,Line item,Surgical technologists
29-2056,Line item,Veterinary technologists and technicians
29-2057,Line item,Ophthalmic medical technicians
29-2061,Line item,Licensed practical and licensed vocational nurses
29-2071,Line item,Medical records and health information technicians
29-2081,Line item,"Opticians, dispensing"
29-2090,Summary,Miscellaneous health technologists and technicians
29-2091,Line item,Orthotists and prosthetists
29-2092,Line item,Hearing aid specialists
29-2099,Line item,"Health technologists and technicians, all other"
29-9000,Summary,Other healthcare practitioners and technical occupations
29-9010,Summary,Occupational health and safety specialists and technicians
29-9011,Line item,Occupational health and safety specialists
29-9012,Line item,Occupational health and safety technicians
29-9090,Summary,Miscellaneous health practitioners and technical workers
29-9091,Line item,Athletic trainers
29-9092,Line item,Genetic counselors
29-9099,Line item,"Healthcare practitioners and technical workers, all other"
31-0000,Summary,Healthcare support occupations
31-1000,Summary,"Nursing, psychiatric, and home health aides"
31-1011,Line item,Home health aides
31-1013,Line item,Psychiatric aides
31-1014,Line item,Nursing assistants
31-1015,Line item,Orderlies
31-2000,Summary,Occupational therapy and physical therapist assistants and aides
31-2010,Summary,Occupational therapy assistants and aides
31-2011,Line item,Occupational therapy assistants
31-2012,Line item,Occupational therapy aides
31-2020,Summary,Physical therapist assistants and aides
31-2021,Line item,Physical therapist assistants
31-2022,Line item,Physical therapist aides
31-9000,Summary,Other healthcare support occupations
31-9011,Line item,Massage therapists
31-9090,Summary,Miscellaneous healthcare support occupations
31-9091,Line item,Dental assistants
31-9092,Line item,Medical assistants
31-9093,Line item,Medical equipment preparers
31-9094,Line item,Medical transcriptionists
31-9095,Line item,Pharmacy aides
31-9096,Line item,Veterinary assistants and laboratory animal caretakers
31-9097,Line item,Phlebotomists
31-9099,Line item,"Healthcare support workers, all other"
33-0000,Summary,Protective service occupations
33-1000,Summary,Supervisors of protective service workers
33-1010,Summary,First-line supervisors of law enforcement workers
33-1011,Line item,First-line supervisors of correctional officers
33-1012,Line item,First-line supervisors of police and detectives
33-1021,Line item,First-line supervisors of fire fighting and prevention workers
33-1099,Line item,"First-line supervisors of protective service workers, all other"
33-2000,Summary,Fire fighting and prevention workers
33-2011,Line item,Firefighters
33-2020,Summary,Fire inspectors
33-2021,Line item,Fire inspectors and investigators
33-2022,Line item,Forest fire inspectors and prevention specialists
33-3000,Summary,Law enforcement workers
33-3010,Summary,"Bailiffs, correctional officers, and jailers"
33-3011,Line item,Bailiffs
33-3012,Line item,Correctional officers and jailers
33-3021,Line item,Detectives and criminal investigators
33-3031,Line item,Fish and game wardens
33-3041,Line item,Parking enforcement workers
33-3050,Summary,Police officers
33-3051,Line item,Police and sheriff's patrol officers
33-3052,Line item,Transit and railroad police
33-9000,Summary,Other protective service workers
33-9011,Line item,Animal control workers
33-9021,Line item,Private detectives and investigators
33-9030,Summary,Security guards and gaming surveillance officers
33-9031,Line item,Gaming surveillance officers and gaming investigators
33-9032,Line item,Security guards
33-9090,Summary,Miscellaneous protective service workers
33-9091,Line item,Crossing guards
33-9092,Line item,"Lifeguards, ski patrol, and other recreational protective service workers"
33-9093,Line item,Transportation security screeners
33-9099,Line item,"Protective service workers, all other"
35-0000,Summary,Food preparation and serving related occupations
35-1000,Summary,Supervisors of food preparation and serving workers
35-1011,Line item,Chefs and head cooks
35-1012,Line item,First-line supervisors of food preparation and serving workers
35-2000,Summary,Cooks and food preparation workers
35-2010,Summary,Cooks
35-2011,Line item,"Cooks, fast food"
35-2012,Line item,"Cooks, institution and cafeteria"
35-2013,Line item,"Cooks, private household"
35-2014,Line item,"Cooks, restaurant"
35-2015,Line item,"Cooks, short order"
35-2019,Line item,"Cooks, all other"
35-2021,Line item,Food preparation workers
35-3000,Summary,Food and beverage serving workers
35-3011,Line item,Bartenders
35-3020,Summary,Fast food and counter workers
35-3021,Line item,"Combined food preparation and serving workers, including fast food"
35-3022,Line item,"Counter attendants, cafeteria, food concession, and coffee shop"
35-3031,Line item,Waiters and waitresses
35-3041,Line item,"Food servers, nonrestaurant"
35-9000,Summary,Other food preparation and serving related workers
35-9011,Line item,Dining room and cafeteria attendants and bartender helpers
35-9021,Line item,Dishwashers
35-9031,Line item,"Hosts and hostesses, restaurant, lounge, and coffee shop"
35-9099,Line item,"Food preparation and serving related workers, all other"
37-0000,Summary,Building and grounds cleaning and maintenance occupations
37-1000,Summary,Supervisors of building and grounds cleaning and maintenance workers
37-1011,Line item,First-line supervisors of housekeeping and janitorial workers
37-1012,Line item,"First-line supervisors of landscaping, lawn service, and groundskeeping workers"
37-2000,Summary,Building cleaning and pest control workers
37-2010,Summary,Building cleaning workers
37-2011,Line item,"Janitors and cleaners, except maids and housekeeping cleaners"
37-2012,Line item,Maids and housekeeping cleaners
37-2019,Line item,"Building cleaning workers, all other"
37-2021,Line item,Pest control workers
37-3000,Summary,Grounds maintenance workers
37-3011,Line item,Landscaping and groundskeeping workers
37-3012,Line item,"Pesticide handlers, sprayers, and applicators, vegetation"
37-3013,Line item,Tree trimmers and pruners
37-3019,Line item,"Grounds maintenance workers, all other"
39-0000,Summary,Personal care and service occupations
39-1000,Summary,Supervisors of personal care and service workers
39-1010,Line item,First-line supervisors of gaming workers
39-1021,Line item,First-line supervisors of personal service workers
39-2000,Summary,Animal care and service workers
39-2011,Line item,Animal trainers
39-2021,Line item,Nonfarm animal caretakers
39-3000,Summary,Entertainment attendants and related workers
39-3010,Summary,Gaming services workers
39-3011,Line item,Gaming dealers
39-3012,Line item,Gaming and sports book writers and runners
39-3019,Line item,"Gaming service workers, all other"
39-3021,Line item,Motion picture projectionists
39-3031,Line item,"Ushers, lobby attendants, and ticket takers"
39-3090,Summary,Miscellaneous entertainment attendants and related workers
39-3091,Line item,Amusement and recreation attendants
39-3092,Line item,Costume attendants
39-3093,Line item,"Locker room, coatroom, and dressing room attendants"
39-3099,Line item,"Entertainment attendants and related workers, all other"
39-4000,Summary,Funeral service workers
39-4011,Line item,Embalmers
39-4021,Line item,Funeral attendants
39-4031,Line item,"Morticians, undertakers, and funeral directors"
39-5000,Summary,Personal appearance workers
39-5010,Summary,"Barbers, hairdressers, hairstylists and cosmetologists"
39-5011,Line item,Barbers
39-5012,Line item,"Hairdressers, hairstylists, and cosmetologists"
39-5090,Summary,Miscellaneous personal appearance workers
39-5091,Line item,"Makeup artists, theatrical and performance"
39-5092,Line item,Manicurists and pedicurists
39-5093,Line item,Shampooers
39-5094,Line item,Skincare specialists
39-6000,Summary,"Baggage porters, bellhops, and concierges"
39-6011,Line item,Baggage porters and bellhops
39-6012,Line item,Concierges
39-7010,Line item,Tour and travel guides
39-9000,Summary,Other personal care and service workers
39-9011,Line item,Childcare workers
39-9021,Line item,Personal care aides
39-9030,Summary,Recreation and fitness workers
39-9031,Line item,Fitness trainers and aerobics instructors
39-9032,Line item,Recreation workers
39-9041,Line item,Residential advisors
39-9099,Line item,"Personal care and service workers, all other"
41-0000,Summary,Sales and related occupations
41-1000,Summary,Supervisors of sales workers
41-1011,Line item,First-line supervisors of retail sales workers
41-1012,Line item,First-line supervisors of non-retail sales workers
41-2000,Summary,Retail sales workers
41-2010,Summary,Cashiers
41-2011,Line item,Cashiers
41-2012,Line item,Gaming change persons and booth cashiers
41-2020,Summary,Counter and rental clerks and parts salespersons
41-2021,Line item,Counter and rental clerks
41-2022,Line item,Parts salespersons
41-2031,Line item,Retail salespersons
41-3000,Summary,"Sales representatives, services"
41-3011,Line item,Advertising sales agents
41-3021,Line item,Insurance sales agents
41-3031,Line item,"Securities, commodities, and financial services sales agents"
41-3041,Line item,Travel agents
41-3099,Line item,"Sales representatives, services, all other"
41-4000,Summary,"Sales representatives, wholesale and manufacturing"
41-4011,Line item,"Sales representatives, wholesale and manufacturing, technical and scientific products"
41-4012,Line item,"Sales representatives, wholesale and manufacturing, except technical and scientific products"
41-9000,Summary,Other sales and related workers
41-9010,Summary,"Models, demonstrators, and product promoters"
41-9011,Line item,Demonstrators and product promoters
41-9012,Line item,Models
41-9020,Summary,Real estate brokers and sales agents
41-9021,Line item,Real estate brokers
41-9022,Line item,Real estate sales agents
41-9031,Line item,Sales engineers
41-9041,Line item,Telemarketers
41-9090,Summary,Miscellaneous sales and related workers
41-9091,Line item,"Door-to-door sales workers, news and street vendors, and related workers"
41-9099,Line item,"Sales and related workers, all other"
43-0000,Summary,Office and administrative support occupations
43-1000,Summary,Supervisors of office and administrative support workers
43-1011,Line item,First-line supervisors of office and administrative support workers
43-2000,Summary,Communications equipment operators
43-2011,Line item,"Switchboard operators, including answering service"
43-2021,Line item,Telephone operators
43-2099,Line item,"Communications equipment operators, all other"
43-3000,Summary,Financial clerks
43-3011,Line item,Bill and account collectors
43-3021,Line item,Billing and posting clerks
43-3031,Line item,"Bookkeeping, accounting, and auditing clerks"
43-3041,Line item,Gaming cage workers
43-3051,Line item,Payroll and timekeeping clerks
43-3061,Line item,Procurement clerks
43-3071,Line item,Tellers
43-3099,Line item,"Financial clerks, all other"
43-4000,Summary,Information and record clerks
43-4011,Line item,Brokerage clerks
43-4021,Line item,Correspondence clerks
43-4031,Line item,"Court, municipal, and license clerks"
43-4041,Line item,"Credit authorizers, checkers, and clerks"
43-4051,Line item,Customer service representatives
43-4061,Line item,"Eligibility interviewers, government programs"
43-4071,Line item,File clerks
43-4081,Line item,"Hotel, motel, and resort desk clerks"
43-4111,Line item,"Interviewers, except eligibility and loan"
43-4121,Line item,"Library assistants, clerical"
43-4131,Line item,Loan interviewers and clerks
43-4141,Line item,New accounts clerks
43-4151,Line item,Order clerks
43-4161,Line item,"Human resources assistants, except payroll and timekeeping"
43-4171,Line item,Receptionists and information clerks
43-4181,Line item,Reservation and transportation ticket agents and travel clerks
43-4199,Line item,"Information and record clerks, all other"
43-5000,Summary,"Material recording, scheduling, dispatching, and distributing workers"
43-5011,Line item,Cargo and freight agents
43-5021,Line item,Couriers and messengers
43-5030,Summary,Dispatchers
43-5031,Line item,"Police, fire, and ambulance dispatchers"
43-5032,Line item,"Dispatchers, except police, fire, and ambulance"
43-5041,Line item,"Meter readers, utilities"
43-5050,Summary,Postal service workers
43-5051,Line item,Postal service clerks
43-5052,Line item,Postal service mail carriers
43-5053,Line item,"Postal service mail sorters, processors, and processing machine operators"
43-5061,Line item,"Production, planning, and expediting clerks"
43-5071,Line item,"Shipping, receiving, and traffic clerks"
43-5081,Line item,Stock clerks and order fillers
43-5111,Line item,"Weighers, measurers, checkers, and samplers, recordkeeping"
43-6000,Summary,Secretaries and administrative assistants
43-6011,Line item,Executive secretaries and executive administrative assistants
43-6012,Line item,Legal secretaries
43-6013,Line item,Medical secretaries
43-6014,Line item,"Secretaries and administrative assistants, except legal, medical, and executive"
43-9000,Summary,Other office and administrative support workers
43-9011,Line item,Computer operators
43-9020,Summary,Data entry and information processing workers
43-9021,Line item,Data entry keyers
43-9022,Line item,Word processors and typists
43-9031,Line item,Desktop publishers
43-9041,Line item,Insurance claims and policy processing clerks
43-9051,Line item,"Mail clerks and mail machine operators, except postal service"
43-9061,Line item,"Office clerks, general"
43-9071,Line item,"Office machine operators, except computer"
43-9081,Line item,Proofreaders and copy markers
43-9111,Line item,Statistical assistants
43-9199,Line item,"Office and administrative support workers, all other"
45-0000,Summary,"Farming, fishing, and forestry occupations"
45-1000,Summary,"Supervisors of farming, fishing, and forestry workers"
45-1011,Line item,"First-line supervisors of farming, fishing, and forestry workers"
45-2000,Summary,Agricultural workers
45-2011,Line item,Agricultural inspectors
45-2021,Line item,Animal breeders
45-2041,Line item,"Graders and sorters, agricultural products"
45-2090,Summary,Miscellaneous agricultural workers
45-2091,Line item,Agricultural equipment operators
45-2092,Line item,"Farmworkers and laborers, crop, nursery, and greenhouse"
45-2093,Line item,"Farmworkers, farm, ranch, and aquacultural animals"
45-2099,Line item,"Agricultural workers, all other"
45-3000,Line item,Fishing and hunting workers
45-4000,Summary,"Forest, conservation, and logging workers"
45-4011,Line item,Forest and conservation workers
45-4020,Summary,Logging workers
45-4021,Line item,Fallers
45-4022,Line item,Logging equipment operators
45-4023,Line item,Log graders and scalers
45-4029,Line item,"Logging workers, all other"
47-0000,Summary,Construction and extraction occupations
47-1000,Summary,Supervisors of construction and extraction workers
47-1011,Line item,First-line supervisors of construction trades and extraction workers
47-2000,Summary,Construction trades workers
47-2011,Line item,Boilermakers
47-2020,Summary,"Brickmasons, blockmasons, and stonemasons"
47-2021,Line item,Brickmasons and blockmasons
47-2022,Line item,Stonemasons
47-2031,Line item,Carpenters
47-2040,Summary,"Carpet, floor, and tile installers and finishers"
47-2041,Line item,Carpet installers
47-2042,Line item,"Floor layers, except carpet, wood, and hard tiles"
47-2043,Line item,Floor sanders and finishers
47-2044,Line item,Tile and marble setters
47-2050,Summary,"Cement masons, concrete finishers, and terrazzo workers"
47-2051,Line item,Cement masons and concrete finishers
47-2053,Line item,Terrazzo workers and finishers
47-2061,Line item,Construction laborers
47-2070,Summary,Construction equipment operators
47-2071,Line item,"Paving, surfacing, and tamping equipment operators"
47-2072,Line item,Pile-driver operators
47-2073,Line item,Operating engineers and other construction equipment operators
47-2080,Summary,"Drywall installers, ceiling tile installers, and tapers"
47-2081,Line item,Drywall and ceiling tile installers
47-2082,Line item,Tapers
47-2111,Line item,Electricians
47-2121,Line item,Glaziers
47-2130,Summary,Insulation workers
47-2131,Line item,"Insulation workers, floor, ceiling, and wall"
47-2132,Line item,"Insulation workers, mechanical"
47-2140,Summary,Painters and paperhangers
47-2141,Line item,"Painters, construction and maintenance"
47-2142,Line item,Paperhangers
47-2150,Summary,"Pipelayers, plumbers, pipefitters, and steamfitters"
47-2151,Line item,Pipelayers
47-2152,Line item,"Plumbers, pipefitters, and steamfitters"
47-2161,Line item,Plasterers and stucco masons
47-2171,Line item,Reinforcing iron and rebar workers
47-2181,Line item,Roofers
47-2211,Line item,Sheet metal workers
47-2221,Line item,Structural iron and steel workers
47-2231,Line item,Solar photovoltaic installers
47-3000,Summary,"Helpers, construction trades"
47-3011,Line item,"Helpers--brickmasons, blockmasons, stonemasons, and tile and marble setters"
47-3012,Line item,Helpers--carpenters
47-3013,Line item,Helpers--electricians
47-3014,Line item,"Helpers--painters, paperhangers, plasterers, and stucco masons"
47-3015,Line item,"Helpers--pipelayers, plumbers, pipefitters, and steamfitters"
47-3016,Line item,Helpers--roofers
47-3019,Line item,"Helpers, construction trades, all other"
47-4000,Summary,Other construction and related workers
47-4011,Line item,Construction and building inspectors
47-4021,Line item,Elevator installers and repairers
47-4031,Line item,Fence erectors
47-4041,Line item,Hazardous materials removal workers
47-4051,Line item,Highway maintenance workers
47-4061,Line item,Rail-track laying and maintenance equipment operators
47-4071,Line item,Septic tank servicers and sewer pipe cleaners
47-4090,Line item,Miscellaneous construction and related workers
47-5000,Summary,Extraction workers
47-5010,Summary,"Derrick, rotary drill, and service unit operators, oil, gas, and mining"
47-5011,Line item,"Derrick operators, oil and gas"
47-5012,Line item,"Rotary drill operators, oil and gas"
47-5013,Line item,"Service unit operators, oil, gas, and mining"
47-5021,Line item,"Earth drillers, except oil and gas"
47-5031,Line item,"Explosives workers, ordnance handling experts, and blasters"
47-5040,Summary,Mining machine operators
47-5041,Line item,Continuous mining machine operators
47-5042,Line item,Mine cutting and channeling machine operators
47-5049,Line item,"Mining machine operators, all other"
47-5051,Line item,"Rock splitters, quarry"
47-5061,Line item,"Roof bolters, mining"
47-5071,Line item,"Roustabouts, oil and gas"
47-5081,Line item,Helpers--extraction workers
47-5099,Line item,"Extraction workers, all other"
49-0000,Summary,"Installation, maintenance, and repair occupations"
49-1000,Summary,"Supervisors of installation, maintenance, and repair workers"
49-1011,Line item,"First-line supervisors of mechanics, installers, and repairers"
49-2000,Summary,"Electrical and electronic equipment mechanics, installers, and repairers"
49-2011,Line item,"Computer, automated teller, and office machine repairers"
49-2020,Summary,Radio and telecommunications equipment installers and repairers
49-2021,Line item,"Radio, cellular, and tower equipment installers and repairers"
49-2022,Line item,"Telecommunications equipment installers and repairers, except line installers"
49-2090,Summary,"Miscellaneous electrical and electronic equipment mechanics, installers, and repairers"
49-2091,Line item,Avionics technicians
49-2092,Line item,"Electric motor, power tool, and related repairers"
49-2093,Line item,"Electrical and electronics installers and repairers, transportation equipment"
49-2094,Line item,"Electrical and electronics repairers, commercial and industrial equipment"
49-2095,Line item,"Electrical and electronics repairers, powerhouse, substation, and relay"
49-2096,Line item,"Electronic equipment installers and repairers, motor vehicles"
49-2097,Line item,Electronic home entertainment equipment installers and repairers
49-2098,Line item,Security and fire alarm systems installers
49-3000,Summary,"Vehicle and mobile equipment mechanics, installers, and repairers"
49-3011,Line item,Aircraft mechanics and service technicians
49-3020,Summary,Automotive technicians and repairers
49-3021,Line item,Automotive body and related repairers
49-3022,Line item,Automotive glass installers and repairers
49-3023,Line item,Automotive service technicians and mechanics
49-3031,Line item,Bus and truck mechanics and diesel engine specialists
49-3040,Summary,Heavy vehicle and mobile equipment service technicians and mechanics
49-3041,Line item,Farm equipment mechanics and service technicians
49-3042,Line item,"Mobile heavy equipment mechanics, except engines"
49-3043,Line item,Rail car repairers
49-3050,Summary,Small engine mechanics
49-3051,Line item,Motorboat mechanics and service technicians
49-3052,Line item,Motorcycle mechanics
49-3053,Line item,Outdoor power equipment and other small engine mechanics
49-3090,Summary,"Miscellaneous vehicle and mobile equipment mechanics, installers, and repairers"
49-3091,Line item,Bicycle repairers
49-3092,Line item,Recreational vehicle service technicians
49-3093,Line item,Tire repairers and changers
49-9000,Summary,"Other installation, maintenance, and repair occupations"
49-9010,Summary,Control and valve installers and repairers
49-9011,Line item,Mechanical door repairers
49-9012,Line item,"Control and valve installers and repairers, except mechanical door"
49-9021,Line item,"Heating, air conditioning, and refrigeration mechanics and installers"
49-9031,Line item,Home appliance repairers
49-9040,Summary,"Industrial machinery installation, repair, and maintenance workers"
49-9041,Line item,Industrial machinery mechanics
49-9043,Line item,"Maintenance workers, machinery"
49-9044,Line item,Millwrights
49-9045,Line item,"Refractory materials repairers, except brickmasons"
49-9050,Summary,Line installers and repairers
49-9051,Line item,Electrical power-line installers and repairers
49-9052,Line item,Telecommunications line installers and repairers
49-9060,Summary,Precision instrument and equipment repairers
49-9061,Line item,Camera and photographic equipment repairers
49-9062,Line item,Medical equipment repairers
49-9063,Line item,Musical instrument repairers and tuners
49-9064,Line item,Watch repairers
49-9069,Line item,"Precision instrument and equipment repairers, all other"
49-9071,Line item,"Maintenance and repair workers, general"
49-9081,Line item,Wind turbine service technicians
49-9090,Summary,"Miscellaneous installation, maintenance, and repair workers"
49-9091,Line item,"Coin, vending, and amusement machine servicers and repairers"
49-9092,Line item,Commercial divers
49-9093,Line item,"Fabric menders, except garment"
49-9094,Line item,Locksmiths and safe repairers
49-9095,Line item,Manufactured building and mobile home installers
49-9096,Line item,Riggers
49-9097,Line item,Signal and track switch repairers
49-9098,Line item,"Helpers--installation, maintenance, and repair workers"
49-9099,Line item,"Installation, maintenance, and repair workers, all other"
51-0000,Summary,Production occupations
51-1000,Summary,Supervisors of production workers
51-1011,Line item,First-line supervisors of production and operating workers
51-2000,Summary,Assemblers and fabricators
51-2011,Line item,"Aircraft structure, surfaces, rigging, and systems assemblers"
51-2020,Summary,"Electrical, electronics, and electromechanical assemblers"
51-2021,Line item,"Coil winders, tapers, and finishers"
51-2028,Line item,"Electrical, electronic, and electromechanical assemblers, except coil winders, tapers, and finishers"
51-2031,Line item,Engine and other machine assemblers
51-2041,Line item,Structural metal fabricators and fitters
51-2090,Summary,Miscellaneous assemblers and fabricators
51-2091,Line item,Fiberglass laminators and fabricators
51-2093,Line item,Timing device assemblers and adjusters
51-2098,Line item,"Assemblers and fabricators, all other, including team assemblers"
51-3000,Summary,Food processing workers
51-3011,Line item,Bakers
51-3020,Summary,"Butchers and other meat, poultry, and fish processing workers"
51-3021,Line item,Butchers and meat cutters
51-3022,Line item,"Meat, poultry, and fish cutters and trimmers"
51-3023,Line item,Slaughterers and meat packers
51-3090,Summary,Miscellaneous food processing workers
51-3091,Line item,"Food and tobacco roasting, baking, and drying machine operators and tenders"
51-3092,Line item,Food batchmakers
51-3093,Line item,Food cooking machine operators and tenders
51-3099,Line item,"Food processing workers, all other"
51-4000,Summary,Metal workers and plastic workers
51-4010,Summary,Computer control programmers and operators
51-4011,Line item,"Computer-controlled machine tool operators, metal and plastic"
51-4012,Line item,"Computer numerically controlled machine tool programmers, metal and plastic"
51-4020,Summary,"Forming machine setters, operators, and tenders, metal and plastic"
51-4021,Line item,"Extruding and drawing machine setters, operators, and tenders, metal and plastic"
51-4022,Line item,"Forging machine setters, operators, and tenders, metal and plastic"
51-4023,Line item,"Rolling machine setters, operators, and tenders, metal and plastic"
51-4030,Summary,"Machine tool cutting setters, operators, and tenders, metal and plastic"
51-4031,Line item,"Cutting, punching, and press machine setters, operators, and tenders, metal and plastic"
51-4032,Line item,"Drilling and boring machine tool setters, operators, and tenders, metal and plastic"
51-4033,Line item,"Grinding, lapping, polishing, and buffing machine tool setters, operators, and tenders, metal and plastic"
51-4034,Line item,"Lathe and turning machine tool setters, operators, and tenders, metal and plastic"
51-4035,Line item,"Milling and planing machine setters, operators, and tenders, metal and plastic"
51-4041,Line item,Machinists
51-4050,Summary,"Metal furnace operators, tenders, pourers, and casters"
51-4051,Line item,Metal-refining furnace operators and tenders
51-4052,Line item,"Pourers and casters, metal"
51-4060,Summary,"Model makers and patternmakers, metal and plastic"
51-4061,Line item,"Model makers, metal and plastic"
51-4062,Line item,"Patternmakers, metal and plastic"
51-4070,Summary,"Molders and molding machine setters, operators, and tenders, metal and plastic"
51-4071,Line item,Foundry mold and coremakers
51-4072,Line item,"Molding, coremaking, and casting machine setters, operators, and tenders, metal and plastic"
51-4081,Line item,"Multiple machine tool setters, operators, and tenders, metal and plastic"
51-4111,Line item,Tool and die makers
51-4120,Summary,"Welding, soldering, and brazing workers"
51-4121,Line item,"Welders, cutters, solderers, and brazers"
51-4122,Line item,"Welding, soldering, and brazing machine setters, operators, and tenders"
51-4190,Summary,Miscellaneous metal workers and plastic workers
51-4191,Line item,"Heat treating equipment setters, operators, and tenders, metal and plastic"
51-4192,Line item,"Layout workers, metal and plastic"
51-4193,Line item,"Plating and coating machine setters, operators, and tenders, metal and plastic"
51-4194,Line item,"Tool grinders, filers, and sharpeners"
51-4199,Line item,"Metal workers and plastic workers, all other"
51-5100,Summary,Printing workers
51-5111,Line item,Prepress technicians and workers
51-5112,Line item,Printing press operators
51-5113,Line item,Print binding and finishing workers
51-6000,Summary,"Textile, apparel, and furnishings workers"
51-6011,Line item,Laundry and dry-cleaning workers
51-6021,Line item,"Pressers, textile, garment, and related materials"
51-6031,Line item,Sewing machine operators
51-6040,Summary,Shoe and leather workers
51-6041,Line item,Shoe and leather workers and repairers
51-6042,Line item,Shoe machine operators and tenders
51-6050,Summary,"Tailors, dressmakers, and sewers"
51-6051,Line item,"Sewers, hand"
51-6052,Line item,"Tailors, dressmakers, and custom sewers"
51-6060,Summary,"Textile machine setters, operators, and tenders"
51-6061,Line item,Textile bleaching and dyeing machine operators and tenders
51-6062,Line item,"Textile cutting machine setters, operators, and tenders"
51-6063,Line item,"Textile knitting and weaving machine setters, operators, and tenders"
51-6064,Line item,"Textile winding, twisting, and drawing out machine setters, operators, and tenders"
51-6090,Summary,"Miscellaneous textile, apparel, and furnishings workers"
51-6091,Line item,"Extruding and forming machine setters, operators, and tenders, synthetic and glass fibers"
51-6092,Line item,Fabric and apparel patternmakers
51-6093,Line item,Upholsterers
51-6099,Line item,"Textile, apparel, and furnishings workers, all other"
51-7000,Summary,Woodworkers
51-7011,Line item,Cabinetmakers and bench carpenters
51-7021,Line item,Furniture finishers
51-7030,Summary,"Model makers and patternmakers, wood"
51-7031,Line item,"Model makers, wood"
51-7032,Line item,"Patternmakers, wood"
51-7040,Summary,"Woodworking machine setters, operators, and tenders"
51-7041,Line item,"Sawing machine setters, operators, and tenders, wood"
51-7042,Line item,"Woodworking machine setters, operators, and tenders, except sawing"
51-7099,Line item,"Woodworkers, all other"
51-8000,Summary,Plant and system operators
51-8010,Summary,"Power plant operators, distributors, and dispatchers"
51-8011,Line item,Nuclear power reactor operators
51-8012,Line item,Power distributors and dispatchers
51-8013,Line item,Power plant operators
51-8021,Line item,Stationary engineers and boiler operators
51-8031,Line item,Water and wastewater treatment plant and system operators
51-8090,Summary,Miscellaneous plant and system operators
51-8091,Line item,Chemical plant and system operators
51-8092,Line item,Gas plant operators
51-8093,Line item,"Petroleum pump system operators, refinery operators, and gaugers"
51-8099,Line item,"Plant and system operators, all other"
51-9000,Summary,Other production occupations
51-9010,Summary,"Chemical processing machine setters, operators, and tenders"
51-9011,Line item,Chemical equipment operators and tenders
51-9012,Line item,"Separating, filtering, clarifying, precipitating, and still machine setters, operators, and tenders"
51-9020,Summary,"Crushing, grinding, polishing, mixing, and blending workers"
51-9021,Line item,"Crushing, grinding, and polishing machine setters, operators, and tenders"
51-9022,Line item,"Grinding and polishing workers, hand"
51-9023,Line item,"Mixing and blending machine setters, operators, and tenders"
51-9030,Summary,Cutting workers
51-9031,Line item,"Cutters and trimmers, hand"
51-9032,Line item,"Cutting and slicing machine setters, operators, and tenders"
51-9041,Line item,"Extruding, forming, pressing, and compacting machine setters, operators, and tenders"
51-9051,Line item,"Furnace, kiln, oven, drier, and kettle operators and tenders"
51-9061,Line item,"Inspectors, testers, sorters, samplers, and weighers"
51-9071,Line item,Jewelers and precious stone and metal workers
51-9080,Summary,"Medical, dental, and ophthalmic laboratory technicians"
51-9081,Line item,Dental laboratory technicians
51-9082,Line item,Medical appliance technicians
51-9083,Line item,Ophthalmic laboratory technicians
51-9111,Line item,Packaging and filling machine operators and tenders
51-9120,Summary,Painting workers
51-9121,Line item,"Coating, painting, and spraying machine setters, operators, and tenders"
51-9122,Line item,"Painters, transportation equipment"
51-9123,Line item,"Painting, coating, and decorating workers"
51-9141,Line item,Semiconductor processors
51-9151,Line item,Photographic process workers and processing machine operators
51-9190,Summary,Miscellaneous production workers
51-9191,Line item,Adhesive bonding machine operators and tenders
51-9192,Line item,"Cleaning, washing, and metal pickling equipment operators and tenders"
51-9193,Line item,Cooling and freezing equipment operators and tenders
51-9194,Line item,Etchers and engravers
51-9195,Line item,"Molders, shapers, and casters, except metal and plastic"
51-9196,Line item,"Paper goods machine setters, operators, and tenders"
51-9197,Line item,Tire builders
51-9198,Line item,Helpers--production workers
51-9199,Line item,"Production workers, all other"
53-0000,Summary,Transportation and material moving occupations
53-1000,Summary,Supervisors of transportation and material moving workers
53-1011,Line item,Aircraft cargo handling supervisors
53-1048,Line item,"First-Line supervisors of transportation and material moving workers, except aircraft cargo handling supervisors"
53-2000,Summary,Air transportation workers
53-2010,Summary,Aircraft pilots and flight engineers
53-2011,Line item,"Airline pilots, copilots, and flight engineers"
53-2012,Line item,Commercial pilots
53-2020,Summary,Air traffic controllers and airfield operations specialists
53-2021,Line item,Air traffic controllers
53-2022,Line item,Airfield operations specialists
53-2031,Line item,Flight attendants
53-3000,Summary,Motor vehicle operators
53-3011,Line item,"Ambulance drivers and attendants, except emergency medical technicians"
53-3020,Summary,Bus drivers
53-3021,Line item,"Bus drivers, transit and intercity"
53-3022,Line item,"Bus drivers, school or special client"
53-3030,Summary,Driver/sales workers and truck drivers
53-3031,Line item,Driver/sales workers
53-3032,Line item,Heavy and tractor-trailer truck drivers
53-3033,Line item,Light truck or delivery services drivers
53-3041,Line item,Taxi drivers and chauffeurs
53-3099,Line item,"Motor vehicle operators, all other"
53-4000,Summary,Rail transportation workers
53-4010,Summary,Locomotive engineers and operators
53-4011,Line item,Locomotive engineers
53-4012,Line item,Locomotive firers
53-4013,Line item,"Rail yard engineers, dinkey operators, and hostlers"
53-4021,Line item,"Railroad brake, signal, and switch operators"
53-4031,Line item,Railroad conductors and yardmasters
53-4041,Line item,Subway and streetcar operators
53-4099,Line item,"Rail transportation workers, all other"
53-5000,Summary,Water transportation workers
53-5011,Line item,Sailors and marine oilers
53-5020,Summary,Ship and boat captains and operators
53-5021,Line item,"Captains, mates, and pilots of water vessels"
53-5022,Line item,Motorboat operators
53-5031,Line item,Ship engineers
53-6000,Summary,Other transportation workers
53-6011,Line item,Bridge and lock tenders
53-6021,Line item,Parking lot attendants
53-6031,Line item,Automotive and watercraft service attendants
53-6041,Line item,Traffic technicians
53-6051,Line item,Transportation inspectors
53-6061,Line item,"Transportation attendants, except flight attendants"
53-6099,Line item,"Transportation workers, all other"
53-7000,Summary,Material moving workers
53-7011,Line item,Conveyor operators and tenders
53-7021,Line item,Crane and tower operators
53-7030,Summary,"Dredge, excavating, and loading machine operators"
53-7031,Line item,Dredge operators
53-7032,Line item,Excavating and loading machine and dragline operators
53-7033,Line item,"Loading machine operators, underground mining"
53-7041,Line item,Hoist and winch operators
53-7051,Line item,Industrial truck and tractor operators
53-7060,Summary,"Laborers and material movers, hand"
53-7061,Line item,Cleaners of vehicles and equipment
53-7062,Line item,"Laborers and freight, stock, and material movers, hand"
53-7063,Line item,Machine feeders and offbearers
53-7064,Line item,"Packers and packagers, hand"
53-7070,Summary,Pumping station operators
53-7071,Line item,Gas compressor and gas pumping station operators
53-7072,Line item,"Pump operators, except wellhead pumpers"
53-7073,Line item,Wellhead pumpers
53-7081,Line item,Refuse and recyclable material collectors
53-7111,Line item,Mine shuttle car operators
53-7121,Line item,"Tank car, truck, and ship loaders"
53-7199,Line item,"Material moving workers, all other"
